100001,0,Westlife,1,1,33,4,[anyware-westlife-boyband-Britian],1,[Brit_Award_winners-Irish_boy_bands-Irish_pop_music_groups-Musical_groups_established_in_1998-Musical_groups_disestablished_in_2012-Musical_groups_from_Dublin_(city)-Sony_BMG_artists-Vocal_quartets-Vocal_quintets-World_Music_Awards_winners-All_articles_with_dead_external_links-Articles_with_dead_external_links_from_September_2013-Pages_using_web_citations_with_no_URL-CS1_maint:_ASIN_uses_ISBN-Use_British_English_from_January_2013-Articles_with_hCards-All_articles_with_unsourced_statements-Articles_with_unsourced_statements_from_February_2014-Articles_with_unsourced_statements_from_May_2012-All_pages_needing_factual_verification-Wikipedia_articles_needing_factual_verification_from_February_2014-Articles_that_may_contain_original_research_from_July_2012-All_articles_that_may_contain_original_research-Articles_with_unsourced_statements_from_August_2012-Articles_needing_additional_references_from_February_2014-All_articles_needing_additional_references-Commons_category_template_with_no_category_set-Commons_category_with_page_title_same_as_on_Wikidata-Use_dmy_dates_from_January_2013],1,organisation,0.24000290036201477,0.0,6.99744,0.170882,0.24000290036201477,0.0,-1.0,-1.0,-1.0,-1.0,0.8944,0.0,-1.0,-1.0,-1.0,-1.0,-1.0,-1.0,
100001,1,Boy_band,1,1,33,4,[anyware-westlife-boyband-Britian],1,[Boy_bands-Types_of_musical_groups-Pop_music_genres-Misnomer-All_articles_with_dead_external_links-Articles_with_dead_external_links_from_April_2014-Use_mdy_dates_from_June_2013-Articles_that_may_contain_original_research_from_October_2010-All_articles_that_may_contain_original_research-Articles_needing_additional_references_from_March_2013-All_articles_needing_additional_references],1,genre,0.09810745716094971,0.0,4.55077,0.377897,0.09810745716094971,0.0,0.468946577898057,0.0,-1.0,-1.0,0.6512,0.0,-1.0,-1.0,0.507958,0.907705,-1.0,-1.0,
100001,2,Song,1,1,33,4,[anyware-westlife-boyband-Britian],1,[Central_African_music_(region)-East_African_music-Southern_African_music-East_Asian_music-South_Asian_music-European_music-Central_European_music-Eastern_European_music-Southern_European_music-Western_European_music-South_American_music-North_American_music-Oceanian_music-Music-Musical_form-Songs-Use_British_English_from_January_2014-Use_dmy_dates_from_March_2014-Commons_category_with_local_link_same_as_on_Wikidata],1,Thing,-1.0,-1.0,-1.0,-1.0,-1.0,-1.0,0.2855740955881644,0.0,-1.0,-1.0,-1.0,-1.0,-1.0,-1.0,-1.0,-1.0,-1.0,-1.0,
100001,3,Pop_music,1,1,33,4,[anyware-westlife-boyband-Britian],1,[Western_culture-Pages_containing_links_to_subscription-only_content-Wikipedia_articles_needing_clarification_from_October_2014-All_Wikipedia_articles_needing_clarification-Articles_that_may_contain_original_research_from_October_2014-All_articles_that_may_contain_original_research-Articles_with_limited_geographic_scope_from_October_2014-Articles_needing_more_viewpoints_from_October_2014-All_articles_with_unsourced_statements-Articles_with_unsourced_statements_from_November_2012-Articles_with_hAudio_microformats-Commons_category_with_local_link_same_as_on_Wikidata],1,genre,0.1420995444059372,0.0,1.23023,0.0739623,0.1420995444059372,0.0,0.36724058927824044,0.0,-1.0,-1.0,0.6952,0.0,-1.0,-1.0,-1.0,-1.0,-1.0,-1.0,
100001,4,Album,1,1,33,4,[anyware-westlife-boyband-Britian],1,[Central_African_music_(region)-East_African_music-Southern_African_music-East_Asian_music-South_Asian_music-European_music-Central_European_music-Eastern_European_music-Southern_European_music-Western_European_music-South_American_music-North_American_music-Oceanian_music-Music-Albums-Media_formats-All_articles_with_unsourced_statements-Articles_with_unsourced_statements_from_May_2013-All_articles_that_may_contain_original_research-Articles_that_may_contain_original_research_from_March_2014-Commons_category_with_local_link_same_as_on_Wikidata],1,Thing,0.13825012743473053,0.0,-1.0,-1.0,0.13825012743473053,0.0,0.6922124392204779,0.0,-1.0,-1.0,-1.0,-1.0,-1.0,-1.0,-1.0,-1.0,-1.0,-1.0,
100001,5,Waste,1,1,33,4,[anyware-westlife-boyband-Britian],1,[Waste_management_journals-Waste-related_lists-Waste_organisations-Recycling-Recycling_by_country-Recycling_by_material-Recycling_by_product-Recycling_organisations-Environmental_issues_with_population-Commons_category_with_local_link_same_as_on_Wikidata-Articles_with_DMOZ_links],1,Thing,0.04771208018064499,0.0,-1.0,-1.0,0.04771208018064499,0.0,0.13453646257722396,0.0,-1.0,-1.0,-1.0,-1.0,-1.0,-1.0,-1.0,-1.0,-1.0,-1.0,
100001,7,God_in_Christianity,0,0,33,4,[anyware-westlife-boyband-Britian],1,[Christianity-Christian_philosophy-Christian_theology-Conceptions_of_God-Triple_deities-Pages_containing_cite_templates_with_deprecated_parameters-Use_dmy_dates_from_February_2011],1,place,0.06054913252592087,0.0,-1.0,-1.0,0.06054913252592087,0.0,-1.0,-1.0,-1.0,-1.0,-1.0,-1.0,-1.0,-1.0,-1.0,-1.0,-1.0,-1.0,
100001,8,Plastic_Bertrand,0,0,33,4,[anyware-westlife-boyband-Britian],1,[Belgian_male_singers-Luxembourgian_Eurovision_Song_Contest_entrants-Eurovision_Song_Contest_entrants_of_1987-People_from_Brussels-1954_births-Living_people-New_wave_musicians-La_Ferme_C%C3%A9l%C3%A9brit%C3%A9s_participants-Attic_Records_(Canada)_artists-Belgian_people_of_French_descent-Belgian_people_of_Ukrainian_descent-Sire_Records_artists-French-language_singers_of_Belgium-Royal_Conservatory_of_The_Hague_alumni-BLP_articles_lacking_sources_from_September_2009-Articles_with_hCards-Wikipedia_articles_with_VIAF_identifiers-Wikipedia_articles_with_LCCN_identifiers-Wikipedia_articles_with_ISNI_identifiers-Wikipedia_articles_with_GND_identifiers-Wikipedia_articles_with_BNF_identifiers-Wikipedia_articles_with_MusicBrainz_identifiers],1,musical artist,0.08172587305307388,0.0,-1.0,-1.0,0.08172587305307388,0.0,-1.0,-1.0,-1.0,-1.0,-1.0,-1.0,-1.0,-1.0,-1.0,-1.0,-1.0,-1.0,
100001,9,Paparazzi,0,0,33,4,[anyware-westlife-boyband-Britian],1,[Photojournalism-Journalism_ethics-Criticism_of_journalism-Celebrity-Italian_words_and_phrases-All_articles_with_dead_external_links-Articles_with_dead_external_links_from_August_2012-All_articles_with_unsourced_statements-Articles_with_unsourced_statements_from_September_2014-Articles_with_unsourced_statements_from_September_2010-Commons_category_with_local_link_same_as_on_Wikidata],1,Thing,0.08561232686042786,0.0,-1.0,-1.0,0.08561232686042786,0.0,-1.0,-1.0,-1.0,-1.0,-1.0,-1.0,-1.0,-1.0,-1.0,-1.0,-1.0,-1.0,
100001,10,Plastic,0,0,33,4,[anyware-westlife-boyband-Britian],1,[Plastics-Dielectrics-CS1_errors:_dates-All_articles_with_dead_external_links-Articles_with_dead_external_links_from_May_2012-Wikipedia_indefinitely_semi-protected_pages-Wikipedia_indefinitely_move-protected_pages-All_articles_with_unsourced_statements-Articles_with_unsourced_statements_from_January_2014-Commons_category_with_local_link_same_as_on_Wikidata],1,Thing,-1.0,-1.0,-1.0,-1.0,-1.0,-1.0,0.636460975378524,0.0,-1.0,-1.0,-1.0,-1.0,-1.0,-1.0,-1.0,-1.0,-1.0,-1.0,
100001,11,Pap_(food),0,0,33,4,[anyware-westlife-boyband-Britian],1,[African_cuisine-African_cuisine-South_African_cuisine-Porridges-Staple_foods-Maize_dishes-Articles_lacking_in-text_citations_from_February_2013-All_articles_lacking_in-text_citations],1,Food,-1.0,-1.0,-1.0,-1.0,-1.0,-1.0,0.30963805388179627,0.0,-1.0,-1.0,-1.0,-1.0,-1.0,-1.0,-1.0,-1.0,-1.0,-1.0,
100001,12,God,0,0,33,4,[anyware-westlife-boyband-Britian],1,[Religion_and_society-Religion-related_lists-Religion-Conceptions_of_God-Names_of_God-Theism-Singular_God-Trinitarianism-Conceptions_of_God-Arguments_against_the_existence_of_God-Arguments_for_the_existence_of_God-Apologetics-Christian_apologists-Christian_apologetics-Muslim_apologists-Anti-Gnosticism-Antireligion-Eschatology-Christian_law-Christian_theological_movements-New_Testament_theology-Old_Testament_theology-Christian_theology-Feminist_theology-Hindu_philosophical_concepts-Hindu_theology-Islamic_theology-Jewish_theology-Theology-Religious_education-Anglican_seminaries_and_theological_colleges-Buddhist_universities_and_colleges-Eastern_Orthodox_seminaries-Islamic_universities_and_colleges-Lutheran_seminaries-Methodist_seminaries_and_theological_colleges-Reformed_church_seminaries_and_theological_colleges-Seminaries_and_theological_colleges-Schools_by_religious_affiliation-Anglican_schools-Assemblies_of_God_schools-Bah%C3%A1%27%C3%AD_educational_institutions-Buddhist_schools-Baptist_schools-Eastern_Orthodox_schools-Hindu_schools-Islamic_schools-Jewish_schools-Latter_Day_Saint_schools-Lutheran_schools-Mennonite_schools-Methodist_schools-Nondenominational_Christian_schools-Presbyterian_schools-Quaker_schools-Roman_Catholic_schools-Secondary_schools_affiliated_with_the_Seventh-day_Adventist_Church-Theologians-Theology_teachers-Religious_studies_journals-Allah-Creator_gods-Deities-Singular_God-All_articles_with_dead_external_links-Articles_with_dead_external_links_from_December_2012-Articles_containing_Ancient_Greek-language_text-Articles_needing_POV-check_from_October_2014-Wikipedia_indefinitely_semi-protected_pages-Wikipedia_indefinitely_move-protected_pages-All_articles_with_specifically_marked_weasel-worded_phrases-Articles_with_specifically_marked_weasel-worded_phrases_from_April_2012-Articles_containing_Arabic-language_text-All_articles_with_unsourced_statements-Articles_with_unsourced_statements_from_March_2012-All_Wikipedia_articles_needing_clarification-Wikipedia_articles_needing_clarification_from_July_2014-Articles_with_unsourced_statements_from_July_2013-Spoken_articles-Articles_with_hAudio_microformats],1,Abstraction100002137,-1.0,-1.0,-1.0,-1.0,-1.0,-1.0,0.15287576885617898,0.0,-1.0,-1.0,-1.0,-1.0,-1.0,-1.0,-1.0,-1.0,-1.0,-1.0,
